<persons>
    <person sl='1'>
        <ID>1</ID>
        <ADDRESS>H# 38, R#3, Banani, Dhaka</ADDRESS>
        <DEPARTMENT>Sales</DEPARTMENT>
        <SALARY>$20000</SALARY>
    </person>

    <person sl='2'>
        <ID>1</ID>
        <ADDRESS>Flat# A/1, H# 20, R#18, Mirpur, Dhaka</ADDRESS>
        <DEPARTMENT> Account</DEPARTMENT>
        <SALARY>$12000</SALARY>
    </person>

    <person sl='3'>
        <ID>1</ID>
        <ADDRESS>H# 38, R#3, Motijheel Human Resource</ADDRESS>
        <DEPARTMENT> Human Resource</DEPARTMENT>
        <SALARY>$30000</SALARY>
    </person>
    
</persons>