<phones>
    <phone sl='1'>
        <ID>11</ID>
        <NAME>Samsung</NAME>
        <UNITPRICE>35000</UUNITPRICE>
        <STOCK>50</STOCK>
        <STATUS>1</STATUS>
    </phone>

    <phone sl='2'>
        <ID>20</ID>
        <NAME>HTC</NAME>
        <UNITPRICE>65300</UUNITPRICE>
        <STOCK>35</STOCK>
        <STATUS>0</STATUS>
    </phone>

    <phone sl='3'>
        <ID>23</ID>
        <NAME>Nokia</NAME>
        <UNITPRICE>25100</UUNITPRICE>
        <STOCK>100</STOCK>
        <STATUS>1</STATUS>
    </phone>
</phones>
